mut_name	nt_pos	codon_0	codon_1	aa_0	aa_1	aa_pos	synonymous
N26D	75	AAC	GAT	N	D	26	False
S29R	84	AGT	CGG	S	R	29	False
Y35N	102	TAC	AAT	Y	N	35	False
Y48C	141	TAT	TGC	Y	C	48	False
D49Y	144	GAT	TAC	D	Y	49	False
V98I	156	CGG	AGA	R	R	53	True
G155D	462	GGC	GAT	G	D	155	False
Y157H	468	TAT	CAC	Y	H	157	False
M158I	471	ATG	ATC	M	I	158	False
H159N	474	CAC	AAT	H	N	159	False
N176H	525	AAC	CAT	N	H	176	False
G181D	540	GGC	GAT	G	D	181	False
L207V	618	CTG	GTC	L	V	207	False
S208N	621	AGC	AAT	S	N	208	False
R209G	624	AGG	GGA	R	G	209	False
R211K	630	AGA	AAG	R	K	211	False
